Workbook
Name supplied_quantity__A: '1 Named comparison measures'!$B$5
Name supplied_quantity__B: '1 Named comparison measures'!$C$5
Name supplied_quantity: '1 Named comparison measures'!$B$5:$C$5
Name actual_price__A: '1 Named comparison measures'!$B$6
Name actual_price__B: '1 Named comparison measures'!$C$6
Name actual_price: '1 Named comparison measures'!$B$6:$C$6
Name baseline_price__A: '1 Named comparison measures'!$B$7
Name baseline_price__B: '1 Named comparison measures'!$C$7
Name baseline_price: '1 Named comparison measures'!$B$7:$C$7
Name actual__A: '1 Named comparison measures'!$B$8
Name actual__B: '1 Named comparison measures'!$C$8
Name actual: '1 Named comparison measures'!$B$8:$C$8
Name baseline__A: '1 Named comparison measures'!$B$9
Name baseline__B: '1 Named comparison measures'!$C$9
Name baseline: '1 Named comparison measures'!$B$9:$C$9
Name variance__A: '1 Named comparison measures'!$B$10
Name variance__B: '1 Named comparison measures'!$C$10
Name variance: '1 Named comparison measures'!$B$10:$C$10
Name allowance__A: '1 Named comparison measures'!$B$11
Name allowance__B: '1 Named comparison measures'!$C$11
Name allowance: '1 Named comparison measures'!$B$11:$C$11
Name remaining__A: '1 Named comparison measures'!$B$12
Name remaining__B: '1 Named comparison measures'!$C$12
Name remaining: '1 Named comparison measures'!$B$12:$C$12
Name allowance_fits__A: '1 Named comparison measures'!$B$13
Name allowance_fits__B: '1 Named comparison measures'!$C$13
Name allowance_fits: '1 Named comparison measures'!$B$13:$C$13
Name amount_scale: 'Inputs'!$C$11
Name entries__B__quantity: 'Inputs'!$D$7
Name entries__B__baseline_price: 'Inputs'!$F$7
Name entries__A__quantity: 'Inputs'!$D$6
Name entries__A__actual_price: 'Inputs'!$E$6
Name entries__A__baseline_price: 'Inputs'!$F$6
Name entries__B__actual_price: 'Inputs'!$E$7
Name entries__B__id: 'Inputs'!$B$7
Name entries__B__allowance: 'Inputs'!$G$7
Name entries__A__allowance: 'Inputs'!$G$6
Name entries__A__id: 'Inputs'!$B$6
Name entries__B__title: 'Inputs'!$C$7
Name entries__A__title: 'Inputs'!$C$6

Sheet Overview
A1: Comparison measures
E2: Audit snapshot (at generation)
E3: ='Audit snapshot'!$B$3 -> current
A4: Entity | B4: Fictional comparison inputs
A5: Calculation schema | B5: Actuals, baseline and remaining allowance v1.0.0 [pattern/actuals-vs-baseline]
A6: Allowance less actual | B6: =SUM(remaining) -> 14
A8: Structure of the calculation
A9: Step | B9: Panel | C9: Role | D9: Result | E9: feeds
A10: 1 | B10: Named comparison measures | C10: Mainline
A12: Tick marks
B13: Input – editable, all formulas recalculate
B14: Schema parameter – editable
B15: Value without formula (see below)
A17: Formula coverage
B18: Formula cells | C18: 29
B19: Values without formula | C19: 0

Sheet 1 Named comparison measures
A1: Named comparison measures
A2: ⌂ Mainline › 1 Named comparison measures
A4: Description | B4: Member A | C4: Member B | D4: Total | F4: Formula (Mantra DSL)
A5: Supplied quantity | B5: =entries__A__quantity -> 13 | C5: =entries__B__quantity -> 8 | D5: =SUM(supplied_quantity) -> 21 | F5: member.quantity
A6: Supplied actual price | B6: =entries__A__actual_price -> 12 | C6: =entries__B__actual_price -> 10 | F6: member.actual-price
A7: Supplied baseline price | B7: =entries__A__baseline_price -> 10 | C7: =entries__B__baseline_price -> 11.25 | F7: member.baseline-price
A8: Actual amount | B8: =ROUND(supplied_quantity__A*actual_price__A,amount_scale) -> 156 | C8: =ROUND(supplied_quantity__B*actual_price__B,amount_scale) -> 80 | D8: =SUM(actual) -> 236 | F8: (pattern-rounded-product supplied-quantity actual-price amount-scale)
A9: Baseline amount | B9: =ROUND(supplied_quantity__A*baseline_price__A,amount_scale) -> 130 | C9: =ROUND(supplied_quantity__B*baseline_price__B,amount_scale) -> 90 | D9: =SUM(baseline) -> 220 | F9: (pattern-rounded-product supplied-quantity baseline-price amount-scale)
A10: Actual less baseline | B10: =actual__A-baseline__A -> 26 | C10: =actual__B-baseline__B -> -10 | D10: =SUM(variance) -> 16 | F10: (- actual baseline)
A11: Supplied allowance | B11: =entries__A__allowance -> 150 | C11: =entries__B__allowance -> 100 | D11: =SUM(allowance) -> 250 | F11: member.allowance
A12: Allowance less actual | B12: =allowance__A-actual__A -> -6 | C12: =allowance__B-actual__B -> 20 | D12: =SUM(remaining) -> 14 | F12: (- allowance actual)
A13: Actual amount is within supplied allowance | B13: =IF(TRUE,remaining__A>=0,"") -> FALSE | C13: =IF(TRUE,remaining__B>=0,"") -> TRUE | E13: =IF(OR(TRUE,TRUE),IF(AND(IF(TRUE,allowance_fits__A,TRUE),IF(TRUE,allowance_fits__B,TRUE)),"✓","✗"),"") -> ✗ | F13: (>= remaining 0)
A14: A signed difference has no implicit favourable or unfavourable interpretation.

Sheet Inputs
A1: Inputs (yellow: editable)
A3: General
A4: entries
B5: id | C5: title | D5: quantity | E5: actual-price | F5: baseline-price | G5: allowance
A6: #1 | B6: A | C6: Member A | D6: 13 | E6: 12 | F6: 10 | G6: 150
A7: #2 | B7: B | C7: Member B | D7: 8 | E7: 10 | F7: 11.25 | G7: 100
A10: Named comparison measures
A11: Explicit amount rounding scale | B11: amount-scale | C11: 2

Sheet Parameters
A1: Parameters (blue: editable)
A3: Description | B3: Name | C3: Value | D3: Reference

Sheet Helper calculations
A1: Helper calculations (conditions and lines not presented)

Sheet Checks
A1: Business checks
A2: Calculation continues when business checks fail.
A3: Provided: confirm a supplied fact; defaults and implicit zeros do not count.
A5: Check | B5: Provided | C5: Status | D5: Left | E5: Right | F5: Difference | G5: Tolerance
A6: Actual amount is within supplied allowance [A] | C6: =IF(TRUE,IF(allowance_fits__A,"✓","✗"),"") -> ✗
A7: Actual amount is within supplied allowance [B] | C7: =IF(TRUE,IF(allowance_fits__B,"✓","✗"),"") -> ✓
A8: entries · minimum rows | C8: =IF(TRUE,IF(2>=1,"✓","✗"),"") -> ✓

Sheet Audit snapshot
A1: Audit trail
A2: Trace and original values are a generation-time snapshot. Edits recalculate formulas, not the trace.
A3: Snapshot status | B3: =IF(SUM(SUM('Audit snapshot'!$F$28:$F$40))>0,"outdated","current") -> current
A4: Calculation schema | B4: pattern/actuals-vs-baseline
A5: Case | B5: pattern/actuals-demo
A7: Line | B7: Description | C7: Formula | D7: Working | E7: Result
A8: 1/1 Σ | B8: Supplied quantity (Total) | C8: Σ contributions | D8: Σ contributions: [member=A] 13 included; [member=B] 8 included → 21 | E8: 21
A9: 1/4 Σ | B9: Actual amount (Total) | C9: Σ contributions | D9: Σ contributions: [member=A] 156.00 included; [member=B] 80.00 included → 236.00 | E9: 236.00
A10: 1/4 | B10: Actual amount [Member A] | C10: (pattern-rounded-product supplied-quantity actual-price amount-scale) | D10: [Audit trace was not requested] | E10: 156.00
A11: 1/4 | B11: Actual amount [Member B] | C11: (pattern-rounded-product supplied-quantity actual-price amount-scale) | D11: [Audit trace was not requested] | E11: 80.00
A12: 1/5 Σ | B12: Baseline amount (Total) | C12: Σ contributions | D12: Σ contributions: [member=A] 130.00 included; [member=B] 90.00 included → 220.00 | E12: 220.00
A13: 1/5 | B13: Baseline amount [Member A] | C13: (pattern-rounded-product supplied-quantity baseline-price amount-scale) | D13: [Audit trace was not requested] | E13: 130.00
A14: 1/5 | B14: Baseline amount [Member B] | C14: (pattern-rounded-product supplied-quantity baseline-price amount-scale) | D14: [Audit trace was not requested] | E14: 90.00
A15: 1/6 Σ | B15: Actual less baseline (Total) | C15: Σ contributions | D15: Σ contributions: [member=A] 26.00 included; [member=B] -10.00 included → 16.00 | E15: 16.00
A16: 1/6 | B16: Actual less baseline [Member A] | C16: (- actual baseline) | D16: [Audit trace was not requested] | E16: 26.00
A17: 1/6 | B17: Actual less baseline [Member B] | C17: (- actual baseline) | D17: [Audit trace was not requested] | E17: (10.00)
A18: 1/7 Σ | B18: Supplied allowance (Total) | C18: Σ contributions | D18: Σ contributions: [member=A] 150 included; [member=B] 100 included → 250 | E18: 250.00
... A23: 1/9 | B23: Actual amount is within supplied allowance [Member B] | C23: (>= remaining 0) | D23: [Audit trace was not requested] | E23: ✓
A26: Original inputs and effective parameters
A27: Node | B27: Coordinate / field | C27: Original Excel value | D27: Exact engine value | E27: Origin | F27: Changed
A28: amount-scale | C28: 2 | D28: 2 | E28: default | F28: =IF(IFERROR(IF(ISBLANK('Audit snapshot'!$C$28),ISBLANK('Inputs'!$C$11),AND(NOT(ISBLANK('Inputs'!$C$11)),ISNUMBER('Inputs'!$C$11)=ISNUMBER('Audit snapshot'!$C$28),ISTEXT('Inputs'!$C$11)=ISTEXT('Audit snapshot'!$C$28),ISLOGICAL('Inputs'!$C$11)=ISLOGICAL('Audit snapshot'!$C$28),IF(ISTEXT('Audit snapshot'!$C$28),EXACT('Inputs'!$C$11,'Audit snapshot'!$C$28),'Inputs'!$C$11='Audit snapshot'!$C$28))),FALSE),0,1) -> 0
A29: entries | B29: [2].title | C29: Member B | D29: "Member B" | E29: input | F29: =IF(IFERROR(IF(ISBLANK('Audit snapshot'!$C$29),ISBLANK('Inputs'!$C$7),AND(NOT(ISBLANK('Inputs'!$C$7)),ISNUMBER('Inputs'!$C$7)=ISNUMBER('Audit snapshot'!$C$29),ISTEXT('Inputs'!$C$7)=ISTEXT('Audit snapshot'!$C$29),ISLOGICAL('Inputs'!$C$7)=ISLOGICAL('Audit snapshot'!$C$29),IF(ISTEXT('Audit snapshot'!$C$29),EXACT('Inputs'!$C$7,'Audit snapshot'!$C$29),'Inputs'!$C$7='Audit snapshot'!$C$29))),FALSE),0,1) -> 0
A30: entries | B30: [2].allowance | C30: 100 | D30: 100 | E30: input | F30: =IF(IFERROR(IF(ISBLANK('Audit snapshot'!$C$30),ISBLANK('Inputs'!$G$7),AND(NOT(ISBLANK('Inputs'!$G$7)),ISNUMBER('Inputs'!$G$7)=ISNUMBER('Audit snapshot'!$C$30),ISTEXT('Inputs'!$G$7)=ISTEXT('Audit snapshot'!$C$30),ISLOGICAL('Inputs'!$G$7)=ISLOGICAL('Audit snapshot'!$C$30),IF(ISTEXT('Audit snapshot'!$C$30),EXACT('Inputs'!$G$7,'Audit snapshot'!$C$30),'Inputs'!$G$7='Audit snapshot'!$C$30))),FALSE),0,1) -> 0
A31: entries | B31: [1].baseline-price | C31: 10 | D31: 10 | E31: input | F31: =IF(IFERROR(IF(ISBLANK('Audit snapshot'!$C$31),ISBLANK('Inputs'!$F$6),AND(NOT(ISBLANK('Inputs'!$F$6)),ISNUMBER('Inputs'!$F$6)=ISNUMBER('Audit snapshot'!$C$31),ISTEXT('Inputs'!$F$6)=ISTEXT('Audit snapshot'!$C$31),ISLOGICAL('Inputs'!$F$6)=ISLOGICAL('Audit snapshot'!$C$31),IF(ISTEXT('Audit snapshot'!$C$31),EXACT('Inputs'!$F$6,'Audit snapshot'!$C$31),'Inputs'!$F$6='Audit snapshot'!$C$31))),FALSE),0,1) -> 0
A32: entries | B32: [1].actual-price | C32: 12 | D32: 12 | E32: input | F32: =IF(IFERROR(IF(ISBLANK('Audit snapshot'!$C$32),ISBLANK('Inputs'!$E$6),AND(NOT(ISBLANK('Inputs'!$E$6)),ISNUMBER('Inputs'!$E$6)=ISNUMBER('Audit snapshot'!$C$32),ISTEXT('Inputs'!$E$6)=ISTEXT('Audit snapshot'!$C$32),ISLOGICAL('Inputs'!$E$6)=ISLOGICAL('Audit snapshot'!$C$32),IF(ISTEXT('Audit snapshot'!$C$32),EXACT('Inputs'!$E$6,'Audit snapshot'!$C$32),'Inputs'!$E$6='Audit snapshot'!$C$32))),FALSE),0,1) -> 0
A33: entries | B33: [2].baseline-price | C33: 11.25 | D33: 11.25 | E33: input | F33: =IF(IFERROR(IF(ISBLANK('Audit snapshot'!$C$33),ISBLANK('Inputs'!$F$7),AND(NOT(ISBLANK('Inputs'!$F$7)),ISNUMBER('Inputs'!$F$7)=ISNUMBER('Audit snapshot'!$C$33),ISTEXT('Inputs'!$F$7)=ISTEXT('Audit snapshot'!$C$33),ISLOGICAL('Inputs'!$F$7)=ISLOGICAL('Audit snapshot'!$C$33),IF(ISTEXT('Audit snapshot'!$C$33),EXACT('Inputs'!$F$7,'Audit snapshot'!$C$33),'Inputs'!$F$7='Audit snapshot'!$C$33))),FALSE),0,1) -> 0
A34: entries | B34: [2].quantity | C34: 8 | D34: 8 | E34: input | F34: =IF(IFERROR(IF(ISBLANK('Audit snapshot'!$C$34),ISBLANK('Inputs'!$D$7),AND(NOT(ISBLANK('Inputs'!$D$7)),ISNUMBER('Inputs'!$D$7)=ISNUMBER('Audit snapshot'!$C$34),ISTEXT('Inputs'!$D$7)=ISTEXT('Audit snapshot'!$C$34),ISLOGICAL('Inputs'!$D$7)=ISLOGICAL('Audit snapshot'!$C$34),IF(ISTEXT('Audit snapshot'!$C$34),EXACT('Inputs'!$D$7,'Audit snapshot'!$C$34),'Inputs'!$D$7='Audit snapshot'!$C$34))),FALSE),0,1) -> 0
A35: entries | B35: [2].actual-price | C35: 10 | D35: 10 | E35: input | F35: =IF(IFERROR(IF(ISBLANK('Audit snapshot'!$C$35),ISBLANK('Inputs'!$E$7),AND(NOT(ISBLANK('Inputs'!$E$7)),ISNUMBER('Inputs'!$E$7)=ISNUMBER('Audit snapshot'!$C$35),ISTEXT('Inputs'!$E$7)=ISTEXT('Audit snapshot'!$C$35),ISLOGICAL('Inputs'!$E$7)=ISLOGICAL('Audit snapshot'!$C$35),IF(ISTEXT('Audit snapshot'!$C$35),EXACT('Inputs'!$E$7,'Audit snapshot'!$C$35),'Inputs'!$E$7='Audit snapshot'!$C$35))),FALSE),0,1) -> 0
A36: entries | B36: [1].quantity | C36: 13 | D36: 13 | E36: input | F36: =IF(IFERROR(IF(ISBLANK('Audit snapshot'!$C$36),ISBLANK('Inputs'!$D$6),AND(NOT(ISBLANK('Inputs'!$D$6)),ISNUMBER('Inputs'!$D$6)=ISNUMBER('Audit snapshot'!$C$36),ISTEXT('Inputs'!$D$6)=ISTEXT('Audit snapshot'!$C$36),ISLOGICAL('Inputs'!$D$6)=ISLOGICAL('Audit snapshot'!$C$36),IF(ISTEXT('Audit snapshot'!$C$36),EXACT('Inputs'!$D$6,'Audit snapshot'!$C$36),'Inputs'!$D$6='Audit snapshot'!$C$36))),FALSE),0,1) -> 0
A37: entries | B37: [1].id | C37: A | D37: :A | E37: input | F37: =IF(IFERROR(IF(ISBLANK('Audit snapshot'!$C$37),ISBLANK('Inputs'!$B$6),AND(NOT(ISBLANK('Inputs'!$B$6)),ISNUMBER('Inputs'!$B$6)=ISNUMBER('Audit snapshot'!$C$37),ISTEXT('Inputs'!$B$6)=ISTEXT('Audit snapshot'!$C$37),ISLOGICAL('Inputs'!$B$6)=ISLOGICAL('Audit snapshot'!$C$37),IF(ISTEXT('Audit snapshot'!$C$37),EXACT('Inputs'!$B$6,'Audit snapshot'!$C$37),'Inputs'!$B$6='Audit snapshot'!$C$37))),FALSE),0,1) -> 0
A38: entries | B38: [2].id | C38: B | D38: :B | E38: input | F38: =IF(IFERROR(IF(ISBLANK('Audit snapshot'!$C$38),ISBLANK('Inputs'!$B$7),AND(NOT(ISBLANK('Inputs'!$B$7)),ISNUMBER('Inputs'!$B$7)=ISNUMBER('Audit snapshot'!$C$38),ISTEXT('Inputs'!$B$7)=ISTEXT('Audit snapshot'!$C$38),ISLOGICAL('Inputs'!$B$7)=ISLOGICAL('Audit snapshot'!$C$38),IF(ISTEXT('Audit snapshot'!$C$38),EXACT('Inputs'!$B$7,'Audit snapshot'!$C$38),'Inputs'!$B$7='Audit snapshot'!$C$38))),FALSE),0,1) -> 0
A39: entries | B39: [1].allowance | C39: 150 | D39: 150 | E39: input | F39: =IF(IFERROR(IF(ISBLANK('Audit snapshot'!$C$39),ISBLANK('Inputs'!$G$6),AND(NOT(ISBLANK('Inputs'!$G$6)),ISNUMBER('Inputs'!$G$6)=ISNUMBER('Audit snapshot'!$C$39),ISTEXT('Inputs'!$G$6)=ISTEXT('Audit snapshot'!$C$39),ISLOGICAL('Inputs'!$G$6)=ISLOGICAL('Audit snapshot'!$C$39),IF(ISTEXT('Audit snapshot'!$C$39),EXACT('Inputs'!$G$6,'Audit snapshot'!$C$39),'Inputs'!$G$6='Audit snapshot'!$C$39))),FALSE),0,1) -> 0
A40: entries | B40: [1].title | C40: Member A | D40: "Member A" | E40: input | F40: =IF(IFERROR(IF(ISBLANK('Audit snapshot'!$C$40),ISBLANK('Inputs'!$C$6),AND(NOT(ISBLANK('Inputs'!$C$6)),ISNUMBER('Inputs'!$C$6)=ISNUMBER('Audit snapshot'!$C$40),ISTEXT('Inputs'!$C$6)=ISTEXT('Audit snapshot'!$C$40),ISLOGICAL('Inputs'!$C$6)=ISLOGICAL('Audit snapshot'!$C$40),IF(ISTEXT('Audit snapshot'!$C$40),EXACT('Inputs'!$C$6,'Audit snapshot'!$C$40),'Inputs'!$C$6='Audit snapshot'!$C$40))),FALSE),0,1) -> 0
